{
  "binary_detection": {
    "accuracy": 0.9983333333333333,
    "f1": 0.9980562517404623,
    "roc_auc": 1.0
  },
  "stage_classification": {
    "accuracy": 0.9983333333333333,
    "f1": 0.9980624426078971,
    "roc_auc": 0.9999938271604939
  },
  "crack_length": {
    "r2": 0.9998363099199269,
    "rmse": 0.09538972988434737,
    "mae": 0.016115820587183
  },
  "rul_prediction": {
    "r2": 0.5987097012713931,
    "rmse": 19840621.826550595
  }
}